{"2015-2017":[[-95.0,40.58157075893381],[-94.0,40.58833713195812],[-93.0,40.20497149672901],[-92.0,40.00028365784186],[-91.0,39.77665477486203],[-90.0,40.33192394582171],[-89.0,40.89348530528999],[-88.0,41.49047255274137],[-87.0,41.66944637681188],[-86.0,40.50350114653764],[-85.0,39.53161347116289],[-84.0,38.620922981283],[-83.0,38.892076413878776],[-82.0,38.68296050566311],[-81.0,37.701357605742636],[-80.0,37.6989721447776],[-79.0,38.01255652294275],[-78.0,39.11195570713414],[-77.0,39.60099999510299],[-76.0,40.08713516578653],[-75.0,40.529599348643565],[-74.0,40.58129842370895],[-73.0,40.582901201965285],[-72.0,40.585145091524154]],"2016-2018":[[-95.0,39.214880119833865],[-94.0,39.18486031367502],[-93.0,39.5727940834422],[-92.0,40.095275857941715],[-91.0,40.47879282334776],[-90.0,40.3126087786517],[-89.0,40.627711567927314],[-88.0,41.053637151141196],[-87.0,41.10523574056899],[-86.0,39.978688905554726],[-85.0,38.963410642394486],[-84.0,38.423861708297416],[-83.0,38.59474569551251],[-82.0,39.10582749032918],[-81.0,38.808533841675235],[-80.0,38.91834459538466],[-79.0,38.65937344606596],[-78.0,39.218675592201],[-77.0,39.584220045561956],[-76.0,39.96420433088249],[-75.0,40.38563101049972],[-74.0,40.619157185735254],[-73.0,40.72693660350691],[-72.0,40.807170577726424]],"2017-2019":[[-95.0,39.78043899078516],[-94.0,39.93890959441103],[-93.0,40.14007375840473],[-92.0,40.53261891292748],[-91.0,40.633719247295566],[-90.0,40.618954617549925],[-89.0,40.91267336105309],[-88.0,41.24122178415602],[-87.0,41.258823953607454],[-86.0,40.12853996296588],[-85.0,39.199117059162376],[-84.0,38.56341247543078],[-83.0,38.77792730243525],[-82.0,38.87993364431287],[-81.0,38.665341403327],[-80.0,38.744389182438574],[-79.0,38.834400906992585],[-78.0,39.31178179600214],[-77.0,39.70404170745406],[-76.0,40.09400891187629],[-75.0,40.53520413584237],[-74.0,40.75367327975555],[-73.0,40.880347363589685],[-72.0,40.881627940168066],[-71.0,40.88250642672927]],"2018-2020":[[-95.0,41.09674439248086],[-94.0,41.14470211776233],[-93.0,41.002656578719716],[-92.0,40.826275119023585],[-91.0,40.55039798194743],[-90.0,40.686341936196435],[-89.0,40.99714111250159],[-88.0,41.29356134406076],[-87.0,41.242424908659785],[-86.0,40.49933660955532],[-85.0,39.64455962532009],[-84.0,38.90061609437105],[-83.0,38.72240551273811],[-82.0,38.8442627440162],[-81.0,38.770785548597004],[-80.0,38.92368377683778],[-79.0,39.001238645602],[-78.0,39.35650269443397],[-77.0,39.66499149774124],[-76.0,40.03481558738846],[-75.0,40.47196510921969],[-74.0,40.81621163944366],[-73.0,41.280312673203646],[-72.0,41.702678472318155],[-71.0,41.85094441508692],[-70.0,41.746690078049305],[-69.0,41.525164558304354],[-68.0,41.525164558304354]],"2019-2021":[[-95.0,41.071801179367],[-94.0,41.127311084670005],[-93.0,40.93725046500682],[-92.0,40.78003572708976],[-91.0,40.51987199484651],[-90.0,40.681701646907236],[-89.0,40.920492278226966],[-88.0,41.1451218970847],[-87.0,40.888106599934254],[-86.0,40.27835447061273],[-85.0,39.49851437620857],[-84.0,38.98818363502648],[-83.0,38.81267918884197],[-82.0,38.828329681578346],[-81.0,38.75749193307951],[-80.0,38.840217046321506],[-79.0,39.004515469777026],[-78.0,39.33971702805695],[-77.0,39.71534258747868],[-76.0,40.13190609223238],[-75.0,40.62213805834926],[-74.0,41.40279507282284],[-73.0,42.073239993860966],[-72.0,42.58193373481472],[-71.0,42.250230194541444],[-70.0,41.89425828135685],[-69.0,41.52193495749965],[-68.0,41.525164558304354]],"2020-2022":[[-95.0,41.258670906685566],[-94.0,41.352521230716015],[-93.0,41.35269440575859],[-92.0,40.93470371746813],[-91.0,40.53277790148437],[-90.0,40.506184782606425],[-89.0,40.88706697595156],[-88.0,41.15282835071617],[-87.0,40.81530864776881],[-86.0,40.237679869556246],[-85.0,39.581646488679326],[-84.0,39.27476018620987],[-83.0,39.19700812947293],[-82.0,39.20249992563984],[-81.0,39.03146994274413],[-80.0,38.97132419716876],[-79.0,39.02402026080611],[-78.0,39.28147575894292],[-77.0,39.665122307363795],[-76.0,40.082231628011584],[-75.0,40.643532662236495],[-74.0,41.337157320358585],[-73.0,41.92546216114019],[-72.0,42.38759153987264],[-71.0,42.17259993756388],[-70.0,41.9331079166631],[-69.0,41.62297344585086],[-68.0,41.635958413487316]],"2021-2023":[[-95.0,40.83655107120566],[-94.0,40.7012995318206],[-93.0,40.52413585058853],[-92.0,40.469521788777776],[-91.0,40.50086742995685],[-90.0,40.654092153307325],[-89.0,41.01911373415553],[-88.0,41.22783974828697],[-87.0,40.82573410082055],[-86.0,40.12898726758909],[-85.0,39.47326827497809],[-84.0,39.243199335148965],[-83.0,39.207154650447556],[-82.0,39.207833033185324],[-81.0,39.05575706950043],[-80.0,38.9912290165878],[-79.0,39.04369043863428],[-78.0,39.29034751045865],[-77.0,39.6588951234086],[-76.0,40.12207504902864],[-75.0,40.66909430165942],[-74.0,41.144364409052336],[-73.0,41.64069527208429],[-72.0,42.09143342243626],[-71.0,42.36909590295379],[-70.0,42.507033205170835],[-69.0,42.51701844229545],[-68.0,42.635618128108845]],"2022-2024":[[-95.0,41.392932789115335],[-94.0,41.36017169135048],[-93.0,41.37191499785575],[-92.0,41.23767527296095],[-91.0,41.18456230273288],[-90.0,41.08857712218781],[-89.0,41.15591744321136],[-88.0,41.15371353288663],[-87.0,40.75730058071033],[-86.0,40.11281526949988],[-85.0,39.49612378561117],[-84.0,39.2839329874786],[-83.0,39.29407064577777],[-82.0,39.28182697803224],[-81.0,39.0979997810943],[-80.0,39.02584505380118],[-79.0,39.08480022234712],[-78.0,39.33932918460821],[-77.0,39.705200089907095],[-76.0,40.13768568672432],[-75.0,40.67695593944061],[-74.0,41.08398318824698],[-73.0,41.45295001498042],[-72.0,41.7057459421519],[-71.0,41.9554792988007],[-70.0,42.22631328298716],[-69.0,42.39841875648206],[-68.0,42.635618128108845]],"2023-2025":[[-95.0,41.341054909449866],[-94.0,41.40590788677226],[-93.0,41.44076187707007],[-92.0,41.49070864029283],[-91.0,41.43203207835123],[-90.0,41.34778454618292],[-89.0,41.33310897150054],[-88.0,41.30821037211707],[-87.0,41.04985873162291],[-86.0,40.31414695759854],[-85.0,39.637919613857854],[-84.0,39.251929270108285],[-83.0,39.296177364429184],[-82.0,39.30500872781082],[-81.0,39.16515608563065],[-80.0,39.10695511560554],[-79.0,39.16591294565436],[-78.0,39.41412639630153],[-77.0,39.84059335694487],[-76.0,40.32499424904256],[-75.0,40.825360494259314],[-74.0,41.15222370328427],[-73.0,41.8451039041992],[-72.0,42.346974617033844],[-71.0,42.91704791907218],[-70.0,43.0320470093472],[-69.0,43.23026144996639],[-68.0,43.33641445637411]],"2024-2026":[[-95.0,41.27965502290063],[-94.0,41.37151371454934],[-93.0,41.47194261009687],[-92.0,41.57200410625334],[-91.0,41.52070613791035],[-90.0,41.44856561304272],[-89.0,41.41984578478042],[-88.0,41.43210347021121],[-87.0,41.35000383369706],[-86.0,40.59642244138652],[-85.0,39.85444043320893],[-84.0,39.23393506200668],[-83.0,39.265396594275884],[-82.0,39.297938197574275],[-81.0,39.26032576606872],[-80.0,39.22579421010158],[-79.0,39.235431845303395],[-78.0,39.3881972599557],[-77.0,39.71799087252833],[-76.0,40.247631111223065],[-75.0,40.756740398250365],[-74.0,41.24379376307247],[-73.0,41.952989973115415],[-72.0,42.52986077520717],[-71.0,43.03089032371642],[-70.0,43.06340501294685],[-69.0,43.16507316078125],[-68.0,43.15275535398228]]}